ID,SEQUENCE
PAp07136967,IVQATWRGHHTRSCLK
PAp06953199,FPNWFQQKPGQAPR
PAp05713300,DDEIGDGTTGVVVLAGALLEEAEQLLDR
PAp08422391,KVEKVVVSNRLVTSPCCIVTSTY
PAp01871450,DLLAEQRFPGR
PAp08047749,IKVSPPEGAETRKVIE
PAp04901997,KTFDQLTPEESKERLGKIV
PAp10037147,THYNPSLK
PAp03588192,GFGLIKLDLK
PAp01446577,IGGPPNICLDR
PAp04038248,TGLPPSRNSTSSQSQTSTASRK
PAp04803138,IVQFFQGLE
PAp01527827,HLITDELGYVCER
PAp12651332,KVAIKTLKPGTMSPE
PAp08644009,KVGYELKDEIERKFD
PAp11228194,QEPLEEDSPSSS
PAp06673399,KVFEELQATD
PAp00516137,PGVVGPAEADIDFDIIR
PAp07280764,AQNVFPAK
PAp16099874,TPFFKKAGTDLLNFLS
PAp06903255,HPIRVVNAL
PAp04768505,DSTVTQLAAFTKSMSSLQ
PAp10444857,DNSRNTLHLQMNSLR
PAp01814255,EFGIDPQNMFEF
PAp08561156,KALGHGVDLGHI
PAp04532310,EITEGDEVEVYS
PAp06323811,DPIYVEVSILHR
PAp04037767,KRESLTLIVEGKPQIK
PAp03105056,MQPVLPFSK
PAp07019495,RQKKESEAVEW
PAp14855575,SKGLPETRTDAAMSELVPEPR
PAp12391549,IPEHADNLRLKV
PAp06343042,HPPEADSAGTAFNLGPTVK
PAp04612324,SEFTSAVADMK
PAp04585949,KQQISLATQ
PAp08213733,AEDYSQLPGEDHILEHLPAR
PAp06392344,VLGAFSNGLAHLDNLKGTFATL
PAp01461771,LVKEDEVVSSEK
PAp04703221,GIKFAKDAASLESQLQDTQELLQEETR
PAp07978094,MVCESSTVADMLH
PAp01657865,IVLGQEQDSYGGKF
PAp08305891,HSQTTAIPSCPEGTVPLYSG
PAp08031607,EFDDGTPATM
PAp00621834,GGLVQPGGSLR
PAp11933861,GALYISKVQKEDNSTY
PAp13982662,GLGLSYLSSHIANVERVP
PAp04684437,HKDVAEEIAN
PAp11899982,EEDFYEDLDRFEENGTQES
PAp08376171,DYIRRQRAQPNHDPNTHHCLCGA
PAp08126748,TIADLELHYQEFIRNSQGSEMFGDDDKR
PAp14819154,LLMHGKEVGSIIGKKGESVKKMR
PAp07072860,QQMVEFLIK
PAp04615309,DENQSINHQMAQEDAQ
PAp11307555,DQGDDKSNELVM
PAp08299260,SEKDLDFLHSVFQDQHLHTLLDLYDKINTK
PAp16420978,AEKNEEDSEGSSDEDEDEDGVSAATFLK
PAp07111717,VAITFAKGLADKKISPKRD
PAp06734059,AHQQLIQITSASV
PAp14544036,RGATQQILDEAERSLHDALCVLAQTVK
PAp14826933,AEDMTSKDYYFDSYAHFGIHEEMLKDEVR
PAp05207345,EGRLEEEVALKIINDGAAILR
PAp10151360,PNPILEPGIQSCLTHF
PAp12752909,SNDVFPEF
PAp12720622,DSDLQLDRISVYYN
PAp06648616,IWDKTCNCTLD
PAp14436859,SLSALVTNSDLSLR
PAp04471038,IIAIANYVC
PAp08421235,RIPACIAGERRY
PAp04010582,GAIAGMPAASLVTPADVIK
PAp04694800,IDEVGTFK
PAp06668551,KLSSCDSFTSTINELNHCLSL
PAp04416211,QLVSEEDNTSAPSLF
PAp07204942,VLTYSDLANTAQQSETFQFLADILPKKI
PAp01745858,GPYDFDQIK
PAp11349906,LTFPEQSVPGAL
PAp07335079,LPSDFSIHEF
PAp01455408,SYCSGTER
PAp04648884,GPYGPEWQENPYPFQCTIDDPTK
PAp11187310,SPQEWATYTGRVDAVR
PAp14912995,DPGHWDADAAEAATAFGASGGGRPHPR
PAp06780591,IGCFALSEPGNGSD
PAp07230923,SPLMSEFQSQ
PAp03618826,APHPDQPEFTPVQDELEAM
PAp06565321,MDDLDALLADLEST
PAp08804620,DEFQLLQAQY
PAp11224437,DSDENEQEQQSDTEEGSNK
PAp16387231,FKDNSNLYMVMEYVPGGEMFSHLR
PAp06545483,TTDTECDLTDEIVK
PAp04400654,SLSNPDIASETLTLLSFL
PAp12692922,DAGTYRCLAKAYVRGS
PAp01449622,LLQAGFSELKETEK
PAp12712481,DKKRPVIVHRAIL
PAp07102911,KEYQPHVIVSTTGPNPFTTLTDRE
PAp03115601,PNIVLFSGSSHQDL
PAp03604853,YAFSYNPK
PAp10457134,FSGSSSGNTASLTITGAQAEDDADYYCNCR
PAp02284446,YELHAGTESTPSVVVHVCDSDIEEEED
PAp04812568,YNEYDEELEEEYEYEDDEAEGEIRVRPK
PAp11923440,LSQIVPKVAVFYRASPR
PAp04571420,LLTTDDVAFSDADSGFADAQLVLTR
PAp16048563,ALKKFVMVKFLNDSIVDPVDSEDRLGLKE
PAp08563688,KFASFIDKVQF
PAp13972369,SFETTDESLRSH
PAp04639693,LIIWDSYTTNKV
PAp02918937,FPANYVELR
PAp06624168,TFSSCSLRSFQNFISNVGVK
PAp06703287,RLVSSPCCI
PAp08681280,SILESSPRTPTPFKHALAAQEIK
PAp06995648,TIHYENGF
PAp08176319,SEESANMIASALAQIPQK
PAp11286488,DFTNEAPPAPLPDAS
PAp07923793,RENTAEALPEGFFDD
PAp00044148,FQSPAGTEALFELHNISVAD
PAp06769352,VRLGDVISIQPCPD
PAp08811022,KEHLYFETV
PAp07118802,QQLAERECPPHAE
PAp01450717,HEAPYLFQK
PAp02230044,MILVGNKCDLEDER
PAp11505353,SCLPHFAQTEF
PAp16446119,NPVAWPSQEGQNPSLSSIRK
PAp03171145,LLNHHPLLEEFLQEGLEK
PAp04383572,ASQHPNTR
PAp00510847,LLAAEPLSK
PAp11723388,NSEGTSDAWVDQFTRPVNTSALDMEFER
PAp14546297,LEIIPASQFCPRVEIIATMK
PAp11876577,GSSFLSPEHQ
PAp06881728,LSRPSLLITDSFNATYVQPR
PAp03129414,QNNIADPEELFTKLER
PAp04609179,YLLLFPNV
PAp05178164,KLKKTETQEKNPLPSKETIEQEKQAGES
PAp10027908,YFDDEFTAQSI
PAp00065529,DVDETGITVASLER
PAp08227179,TKASPCDPTFILGCAPCNVICSVVFQK
PAp04591577,VTASSGITIPKPPKPPDKPLMPYM
PAp16459032,YWNPLEDPPCQSPLDDPLRK
PAp00520902,PPAPQENTTSEAGLPQGEAR
PAp11519994,TADIYSLVDEFSLCGHR
PAp07281121,SESEGRPERVFHLCCSSPESRK
PAp04390604,EQDFDLQLLER
PAp06349239,DFTRWPKPR
PAp11373845,SYINYVITM
PAp12576070,AYFEKTQEELTPF
PAp12391295,IGELHPDDRPKLNKPPET
PAp16074070,SLGGGFSSG
PAp06327398,IPADVDPLTITSSLSSDGVLT
PAp16407501,CAPKTFWVNEGK
PAp02999450,HLLNVINENFGTLAFCRR
PAp06671836,KIHVSDQELQSA
PAp08805190,LLEDSCHYLLY
PAp03856651,KKNSTAYFR
PAp07855987,TLSSLVFQLGK
PAp00029526,ECVQIITAVTSLSPLLTFSK
PAp06954783,LFQDKLGEVNTYAGDLQK
PAp11840422,VWEPVPLEEVQLVVEPEGGAVAPGGTV
PAp11866845,RRSSTSGDTEEEEEEEVVPFSSDEQK
PAp08675788,EAVVSVCGH
PAp07196130,AQVFLAEIPADPK
PAp07147985,SGSIQQMEQLNRR
PAp11231130,ELLDGEEVSCL
PAp14400879,RPPPAPAGPAAAAAAATAIFPAFLK
PAp07349032,TRMFVHPSF
PAp07094220,IKQEILPEERMNGQEVF
PAp05225756,FTEVENGQINSK
PAp06674459,KEWNALETECHSL
PAp00492049,QHGDVVSAIR
PAp07157130,KEADPSNFANF
PAp11823698,SGTSASLAITGLQAEDEADYYCQSYDM
PAp06752431,ETAVLLASYAVQSK
PAp07088922,GAGGPGPGGFGAQGPKGGSGSGPTIEE
PAp11639744,RPQGVQPK
PAp07821257,LTPHIDNLEVANSF
PAp11589952,EELVLHPAKSSTSFDFLELNYSFDK
PAp12404809,NQKQQKPTLSGQRFKTRKRDEKERFD
PAp05690197,YVEQNQNSICNSLLWLV
PAp07097388,KLRKSFTPDHV
PAp05203676,DSRDEENKK
PAp08012185,VQERLTQDAVAKANQTKEGLPVALDKHIL
PAp12472435,NHADCHDLL
PAp08307215,KDAIEEDDEGAPCPAEDELALQDNGFLSK
PAp10079417,FCNFMHLK
PAp04799487,ALQDLGLLQSGSISGLKIPAHH
PAp08244549,MDHYEPSYIK
PAp11827195,GYEWWLMKEAK
PAp15361609,LVCVLAHHFGKEFTPPVQAAYEK
PAp03607326,REVCSEQAETGPCR
PAp04355700,LVMEDGKMDPVAYRVK
PAp08127618,YMWGTDTYRESIKDLADYASK
PAp08577920,KNNGVLFENQLLQIGVK
PAp02294885,LLSSSLTADCSLRSPSGR
PAp11639835,SQQHPAPEK
PAp06614369,LIKHQLIHTRE
PAp10448661,HKSEVAHRFKDLGEENFKALAV
PAp14819856,TEVGHLIQKAAGDSNLKR
PAp12821049,QNALLDLTQNSYQHF
PAp02043659,LKVSHDNLTVER
PAp00603262,GSGADSDYENTQSGDPLLGLEGKR
PAp08640537,TNRERHPGSFDVVHV
PAp08177539,QGLLHLEPTLR
PAp04024027,MVSDIAGAWQRLEQAEK
PAp16194624,TEIRILGAFF
